ダウンロードデータ作成日,2015年09月14日現在,件数,14件,
書類管理番号,書類名,EDINET(ファンド)コード,提出者(ファンド)
S1005JRG,四半期報告書,E02367,任天堂株式会社
S1004YQF,有価証券報告書,E02367,任天堂株式会社
S10041FN,四半期報告書,E02367,任天堂株式会社
S1003H7X,四半期報告書,E02367,任天堂株式会社
S1002MYM,四半期報告書,E02367,任天堂株式会社
S1002E7U,有価証券報告書,E02367,任天堂株式会社
S10015LA,四半期報告書,E02367,任天堂株式会社
S1000G7R,四半期報告書,E02367,任天堂株式会社
S000E6H7,四半期報告書,E02367,任天堂株式会社
S000DLW3,有価証券報告書,E02367,任天堂株式会社
S000CTAI,四半期報告書,E02367,任天堂株式会社
S000C6H7,四半期報告書,E02367,任天堂株式会社
S000B2OW,有価証券報告書,E02367,任天堂株式会社
S0008OXG,有価証券報告書,E02367,任天堂株式会社
